[
    {
        "id": "E001",
        "utilisateur_id": "U002",
        "specialisation": "Informatique et Réseaux",
        "modules": [],
        "indisponibilites": [
            {
                "jour": "vendredi",
                "creneau_id": "C4",
                "motif": "Réunion administrative"
            }
        ]
    },
    {
        "id": "E002",
        "utilisateur_id": "U003",
        "specialisation": "Base de données et Programmation",
        "modules": [],
        "indisponibilites": [
            {
                "jour": "mercredi",
                "creneau_id": "C4",
                "motif": "RDV"
            }
        ]
    },
    {
        "id": "E003",
        "utilisateur_id": "U004",
        "specialisation": "Développement Web et Mobile",
        "modules": [],
        "indisponibilites": []
    }
]