[
    {
        "id": "M001",
        "nom": "Mathématiques pour Data Science",
        "type_seance": "CM",
        "heures_semaine": 2,
        "enseignant_id": "E001",
        "filiere_id": "F001",
        "equipements_requis": [
            "projecteur"
        ]
    },
    {
        "id": "M002",
        "nom": "Base de Données (AD)",
        "type_seance": "TD",
        "heures_semaine": 2,
        "enseignant_id": "E002",
        "filiere_id": "F001",
        "equipements_requis": [
            "projecteur"
        ]
    },
    {
        "id": "M003",
        "nom": "Python Avancé",
        "type_seance": "TP",
        "heures_semaine": 2,
        "enseignant_id": "E001",
        "filiere_id": "F001",
        "equipements_requis": [
            "ordinateurs"
        ]
    },
    {
        "id": "M004",
        "nom": "Développement Web",
        "type_seance": "TP",
        "heures_semaine": 2,
        "enseignant_id": "E003",
        "filiere_id": "F001",
        "equipements_requis": [
            "ordinateurs"
        ]
    },
    {
        "id": "M005",
        "nom": "Structure de Données Avancée",
        "type_seance": "TD",
        "heures_semaine": 2,
        "enseignant_id": "E002",
        "filiere_id": "F001",
        "equipements_requis": [
            "projecteur"
        ]
    },
    {
        "id": "M006",
        "nom": "Soft Skills (AD)",
        "type_seance": "TD",
        "heures_semaine": 2,
        "enseignant_id": "E003",
        "filiere_id": "F001",
        "equipements_requis": [
            "projecteur"
        ]
    },
    {
        "id": "M007",
        "nom": "Base de Données (IDAI)",
        "type_seance": "TD",
        "heures_semaine": 2,
        "enseignant_id": "E002",
        "filiere_id": "F002",
        "equipements_requis": [
            "projecteur"
        ]
    },
    {
        "id": "M008",
        "nom": "Réseau et Système",
        "type_seance": "TP",
        "heures_semaine": 2,
        "enseignant_id": "E001",
        "filiere_id": "F002",
        "equipements_requis": [
            "ordinateurs"
        ]
    },
    {
        "id": "M009",
        "nom": "Java et C++",
        "type_seance": "TP",
        "heures_semaine": 2,
        "enseignant_id": "E002",
        "filiere_id": "F002",
        "equipements_requis": [
            "ordinateurs"
        ]
    },
    {
        "id": "M010",
        "nom": "Développement Mobile",
        "type_seance": "TP",
        "heures_semaine": 2,
        "enseignant_id": "E003",
        "filiere_id": "F002",
        "equipements_requis": [
            "ordinateurs"
        ]
    },
    {
        "id": "M011",
        "nom": "UML et Conception",
        "type_seance": "CM",
        "heures_semaine": 2,
        "enseignant_id": "E001",
        "filiere_id": "F002",
        "equipements_requis": [
            "projecteur"
        ]
    },
    {
        "id": "M012",
        "nom": "Soft Skills (IDAI)",
        "type_seance": "TD",
        "heures_semaine": 2,
        "enseignant_id": "E003",
        "filiere_id": "F002",
        "equipements_requis": [
            "projecteur"
        ]
    }
]