[
    {
        "id": "S001",
        "nom": "Amphi AA",
        "type": "amphi",
        "capacite": 150,
        "equipements": [
            "projecteur",
            "micro",
            "climatisation"
        ]
    },
    {
        "id": "S002",
        "nom": "Amphi B",
        "type": "amphi",
        "capacite": 100,
        "equipements": [
            "projecteur",
            "micro"
        ]
    },
    {
        "id": "S003",
        "nom": "Salle TD 101",
        "type": "td",
        "capacite": 40,
        "equipements": [
            "projecteur",
            "tableau_blanc"
        ]
    },
    {
        "id": "S004",
        "nom": "Salle TD 102",
        "type": "td",
        "capacite": 35,
        "equipements": [
            "projecteur",
            "tableau_blanc"
        ]
    },
    {
        "id": "S005",
        "nom": "Salle TD 103",
        "type": "td",
        "capacite": 40,
        "equipements": [
            "projecteur",
            "tableau_blanc",
            "climatisation"
        ]
    },
    {
        "id": "S006",
        "nom": "Salle TP Info 1",
        "type": "tp",
        "capacite": 35,
        "equipements": [
            "ordinateurs",
            "projecteur",
            "climatisation"
        ]
    },
    {
        "id": "S007",
        "nom": "Salle TP Info 2",
        "type": "tp",
        "capacite": 35,
        "equipements": [
            "ordinateurs",
            "projecteur"
        ]
    },
    {
        "id": "S008",
        "nom": "Salle TP Info 3",
        "type": "tp",
        "capacite": 30,
        "equipements": [
            "ordinateurs",
            "projecteur"
        ]
    }
]